"doctor_id","doctor_name","specialization","doctor_contact"
100,"Jinny","Surgery","jinny.surgery@yopmail.com"
101,"Mireielle","Allergists","mireielle.allergists@yopmail.com"
102,"Elie","Endocrinologist","elie.endocrinologist@yopmail.com"
103,"Cacilie","Emergency Medicine","cacilie.emergency_medicine@yopmail.com"
104,"Lynea","Emergency Medicine","lynea.emergency_medicine@yopmail.com"
105,"Aigneis","Cardiology","aigneis.cardiology@yopmail.com"
106,"Addia","Surgery","addia.surgery@yopmail.com"
107,"Maud","Cardiology","maud.cardiology@yopmail.com"
108,"Josephine","Pediatrics","josephine.pediatrics@yopmail.com"
109,"Berta","Radiology","berta.radiology@yopmail.com"
110,"Joeann","Nephrology","joeann.nephrology@yopmail.com"
111,"Dale","Anesthesiology","dale.anesthesiology@yopmail.com"
112,"Alex","Dermatology","alex.dermatology@yopmail.com"
113,"Vanessa","Otolaryngologists","vanessa.otolaryngologists@yopmail.com"
114,"Flory","Nephrology","flory.nephrology@yopmail.com"
115,"Lilith","Dermatology","lilith.dermatology@yopmail.com"
116,"Max","Otolaryngologists","max.otolaryngologists@yopmail.com"
117,"Fernande","Ophthalmology","fernande.ophthalmology@yopmail.com"
118,"Pollyanna","Pulmonologists","pollyanna.pulmonologists@yopmail.com"
119,"Aurelie","Gastroenterology","aurelie.gastroenterology@yopmail.com"
120,"Ana","Allergists","ana.allergists@yopmail.com"
121,"Adelle","Internists","adelle.internists@yopmail.com"
122,"Gilligan","Surgery","gilligan.surgery@yopmail.com"
123,"Nita","Geriatrician","nita.geriatrician@yopmail.com"
124,"Rosaline","Pulmonologists","rosaline.pulmonologists@yopmail.com"
125,"Aurelie","Surgery","aurelie.surgery@yopmail.com"
126,"Mureil","Surgery","mureil.surgery@yopmail.com"
127,"Dennie","Internists","dennie.internists@yopmail.com"
128,"Felice","Infectious disease","felice.infectious_disease@yopmail.com"
129,"Rebeca","Critical Care Medicine","rebeca.critical_care_medicine@yopmail.com"
130,"Joeann","Otolaryngologists","joeann.otolaryngologists@yopmail.com"
131,"Consuela","Oncologist","consuela.oncologist@yopmail.com"
132,"Krystle","Obstetric Anesthesiologists","krystle.obstetric_anesthesiologists@yopmail.com"
133,"Karly","Internists","karly.internists@yopmail.com"
134,"Chastity","Radiology","chastity.radiology@yopmail.com"
135,"Leanna","Pulmonologists","leanna.pulmonologists@yopmail.com"
136,"Alleen","Pulmonologists","alleen.pulmonologists@yopmail.com"
137,"Claudina","Infectious disease","claudina.infectious_disease@yopmail.com"
138,"Belinda","Gastroenterology","belinda.gastroenterology@yopmail.com"
139,"Chere","Nephrology","chere.nephrology@yopmail.com"
140,"Georgetta","Infectious disease","georgetta.infectious_disease@yopmail.com"
141,"Jolyn","Gastroenterology","jolyn.gastroenterology@yopmail.com"
142,"Beth","Geriatrician","beth.geriatrician@yopmail.com"
143,"Candi","Critical Care Medicine","candi.critical_care_medicine@yopmail.com"
144,"Alyssa","Emergency Medicine","alyssa.emergency_medicine@yopmail.com"
145,"Deane","Anesthesiology","deane.anesthesiology@yopmail.com"
146,"Mellicent","Otolaryngologists","mellicent.otolaryngologists@yopmail.com"
147,"Maud","Gastroenterology","maud.gastroenterology@yopmail.com"
148,"Quintina","Oncologist","quintina.oncologist@yopmail.com"
149,"Meriel","Radiology","meriel.radiology@yopmail.com"
150,"Bobinette","Oncologist","bobinette.oncologist@yopmail.com"
151,"Shaylyn","Emergency Medicine","shaylyn.emergency_medicine@yopmail.com"
152,"Justinn","Psychiatry","justinn.psychiatry@yopmail.com"
153,"Britte","Pulmonologists","britte.pulmonologists@yopmail.com"
154,"Belva","Otolaryngologists","belva.otolaryngologists@yopmail.com"
155,"Elmira","Oncologist","elmira.oncologist@yopmail.com"
156,"Clementine","Cardiology","clementine.cardiology@yopmail.com"
157,"Sidoney","Radiology","sidoney.radiology@yopmail.com"
158,"Dorice","Otolaryngologists","dorice.otolaryngologists@yopmail.com"
159,"Cam","Internists","cam.internists@yopmail.com"
160,"Britte","Neurology","britte.neurology@yopmail.com"
161,"Florie","Surgery","florie.surgery@yopmail.com"
162,"Carmencita","Pediatrics","carmencita.pediatrics@yopmail.com"
163,"Tilly","Cardiology","tilly.cardiology@yopmail.com"
164,"Fred","Surgery","fred.surgery@yopmail.com"
165,"Di","Pulmonologists","di.pulmonologists@yopmail.com"
166,"Kore","Infectious disease","kore.infectious_disease@yopmail.com"
167,"Dyann","Cardiology","dyann.cardiology@yopmail.com"
168,"Rayna","Otolaryngologists","rayna.otolaryngologists@yopmail.com"
169,"Nicoli","Oncologist","nicoli.oncologist@yopmail.com"
170,"Dorene","Nephrology","dorene.nephrology@yopmail.com"
171,"Sidoney","Hospice and Palliative Care","sidoney.hospice_and_palliative_care@yopmail.com"
172,"Donetta","Emergency Medicine","donetta.emergency_medicine@yopmail.com"
173,"Celestyna","Cardiology","celestyna.cardiology@yopmail.com"
174,"Carree","Geriatrician","carree.geriatrician@yopmail.com"
175,"Estell","Emergency Medicine","estell.emergency_medicine@yopmail.com"
176,"Carly","Emergency Medicine","carly.emergency_medicine@yopmail.com"
177,"Daryl","Surgery","daryl.surgery@yopmail.com"
178,"Zia","Family Medicine","zia.family_medicine@yopmail.com"
179,"Konstance","Gastroenterology","konstance.gastroenterology@yopmail.com"
180,"Dorene","Emergency Medicine","dorene.emergency_medicine@yopmail.com"
181,"Cyndie","Cardiology","cyndie.cardiology@yopmail.com"
182,"Magdalena","Surgery","magdalena.surgery@yopmail.com"
183,"Dagmar","Internists","dagmar.internists@yopmail.com"
184,"Althea","Gastroenterology","althea.gastroenterology@yopmail.com"
185,"Ida","Family Medicine","ida.family_medicine@yopmail.com"
186,"Tani","Geriatrician","tani.geriatrician@yopmail.com"
187,"Mariann","Radiology","mariann.radiology@yopmail.com"
188,"Darlleen","Emergency Medicine","darlleen.emergency_medicine@yopmail.com"
189,"Suzette","Cardiology","suzette.cardiology@yopmail.com"
190,"Cathie","Allergists","cathie.allergists@yopmail.com"
191,"Frieda","Internists","frieda.internists@yopmail.com"
192,"Merci","Allergists","merci.allergists@yopmail.com"
193,"Blondelle","Gastroenterology","blondelle.gastroenterology@yopmail.com"
194,"Arlena","Family Medicine","arlena.family_medicine@yopmail.com"
195,"Jerry","Critical Care Medicine","jerry.critical_care_medicine@yopmail.com"
196,"Laurene","Oncologist","laurene.oncologist@yopmail.com"
197,"Nataline","Family Medicine","nataline.family_medicine@yopmail.com"
198,"Morganica","Pediatrics","morganica.pediatrics@yopmail.com"
199,"Quintina","Anesthesiology","quintina.anesthesiology@yopmail.com"
200,"Moyna","Cardiology","moyna.cardiology@yopmail.com"
201,"Harmonia","Nephrology","harmonia.nephrology@yopmail.com"
202,"Carlie","Dermatology","carlie.dermatology@yopmail.com"
203,"Elvira","Endocrinologist","elvira.endocrinologist@yopmail.com"
204,"Dorthy","Gastroenterology","dorthy.gastroenterology@yopmail.com"
205,"Kylynn","Gastroenterology","kylynn.gastroenterology@yopmail.com"
206,"Adele","Cardiology","adele.cardiology@yopmail.com"
207,"Jerry","Psychiatry","jerry.psychiatry@yopmail.com"
208,"Tera","Pulmonologists","tera.pulmonologists@yopmail.com"
209,"Demetris","Emergency Medicine","demetris.emergency_medicine@yopmail.com"
210,"Demetris","Emergency Medicine","demetris.emergency_medicine@yopmail.com"
211,"Cacilie","Otolaryngologists","cacilie.otolaryngologists@yopmail.com"
212,"Brooks","Allergists","brooks.allergists@yopmail.com"
213,"Ardeen","Neurology","ardeen.neurology@yopmail.com"
214,"Damaris","Neurology","damaris.neurology@yopmail.com"
215,"Danny","Allergists","danny.allergists@yopmail.com"
216,"Aubrie","Neurology","aubrie.neurology@yopmail.com"
217,"Chere","Internists","chere.internists@yopmail.com"
218,"Cyndie","Oncologist","cyndie.oncologist@yopmail.com"
219,"Cherilyn","Oncologist","cherilyn.oncologist@yopmail.com"
220,"Adore","Endocrinologist","adore.endocrinologist@yopmail.com"
221,"Gabriellia","Internists","gabriellia.internists@yopmail.com"
222,"Arlina","Radiology","arlina.radiology@yopmail.com"
223,"Ida","Infectious disease","ida.infectious_disease@yopmail.com"
224,"Dominga","Radiology","dominga.radiology@yopmail.com"
225,"Bernie","Anesthesiology","bernie.anesthesiology@yopmail.com"
226,"Gusella","Pulmonologists","gusella.pulmonologists@yopmail.com"
227,"Almeta","Allergists","almeta.allergists@yopmail.com"
228,"Arlena","Allergists","arlena.allergists@yopmail.com"
229,"Roxane","Endocrinologist","roxane.endocrinologist@yopmail.com"
230,"Sherrie","Infectious disease","sherrie.infectious_disease@yopmail.com"
231,"Christy","Nephrology","christy.nephrology@yopmail.com"
232,"Georgina","Geriatrician","georgina.geriatrician@yopmail.com"
233,"Glynnis","Neurology","glynnis.neurology@yopmail.com"
234,"Sybille","Pediatrics","sybille.pediatrics@yopmail.com"
235,"Kimmy","Gastroenterology","kimmy.gastroenterology@yopmail.com"
236,"Ernesta","Nephrology","ernesta.nephrology@yopmail.com"
237,"Corina","Pulmonologists","corina.pulmonologists@yopmail.com"
238,"Betta","Anesthesiology","betta.anesthesiology@yopmail.com"
239,"Gloria","Endocrinologist","gloria.endocrinologist@yopmail.com"
240,"Deloria","Otolaryngologists","deloria.otolaryngologists@yopmail.com"
241,"Christal","Oncologist","christal.oncologist@yopmail.com"
242,"Heddie","Psychiatry","heddie.psychiatry@yopmail.com"
243,"Anallese","Endocrinologist","anallese.endocrinologist@yopmail.com"
244,"Natka","Neurology","natka.neurology@yopmail.com"
245,"Jinny","Neurology","jinny.neurology@yopmail.com"
246,"Chickie","Internists","chickie.internists@yopmail.com"
247,"Deedee","Surgery","deedee.surgery@yopmail.com"
248,"Ardeen","Pulmonologists","ardeen.pulmonologists@yopmail.com"
249,"Brandise","Internists","brandise.internists@yopmail.com"
250,"Sheelagh","Infectious disease","sheelagh.infectious_disease@yopmail.com"
251,"Camile","Oncologist","camile.oncologist@yopmail.com"
252,"Olivette","Emergency Medicine","olivette.emergency_medicine@yopmail.com"
253,"Alyssa","Geriatrician","alyssa.geriatrician@yopmail.com"
254,"Dorthy","Pediatrics","dorthy.pediatrics@yopmail.com"
255,"Coral","Anesthesiology","coral.anesthesiology@yopmail.com"
256,"Jacquetta","Psychiatry","jacquetta.psychiatry@yopmail.com"
257,"Modestia","Anesthesiology","modestia.anesthesiology@yopmail.com"
258,"Edee","Geriatrician","edee.geriatrician@yopmail.com"
259,"Estell","Otolaryngologists","estell.otolaryngologists@yopmail.com"
260,"Ellette","Internists","ellette.internists@yopmail.com"
261,"Flory","Allergists","flory.allergists@yopmail.com"
262,"Mary","Family Medicine","mary.family_medicine@yopmail.com"
263,"Latisha","Pediatrics","latisha.pediatrics@yopmail.com"
264,"Gerrie","Otolaryngologists","gerrie.otolaryngologists@yopmail.com"
265,"Hollie","Anesthesiology","hollie.anesthesiology@yopmail.com"
266,"Sashenka","Pediatrics","sashenka.pediatrics@yopmail.com"
267,"Charissa","Internists","charissa.internists@yopmail.com"
268,"Joleen","Gastroenterology","joleen.gastroenterology@yopmail.com"
269,"Aurelie","Nephrology","aurelie.nephrology@yopmail.com"
270,"Nita","Family Medicine","nita.family_medicine@yopmail.com"
271,"Rhea","Endocrinologist","rhea.endocrinologist@yopmail.com"
272,"Kimberley","Internists","kimberley.internists@yopmail.com"
273,"Liana","Gastroenterology","liana.gastroenterology@yopmail.com"
274,"Maridel","Allergists","maridel.allergists@yopmail.com"
275,"Myrtice","Geriatrician","myrtice.geriatrician@yopmail.com"
276,"Delilah","Ophthalmology","delilah.ophthalmology@yopmail.com"
277,"Giustina","Nephrology","giustina.nephrology@yopmail.com"
278,"Talya","Surgery","talya.surgery@yopmail.com"
279,"Laurene","Pulmonologists","laurene.pulmonologists@yopmail.com"
280,"Concettina","Hospice and Palliative Care","concettina.hospice_and_palliative_care@yopmail.com"
281,"Roz","Hospice and Palliative Care","roz.hospice_and_palliative_care@yopmail.com"
282,"Annice","Psychiatry","annice.psychiatry@yopmail.com"
283,"Catrina","Pulmonologists","catrina.pulmonologists@yopmail.com"
284,"Selia","Dermatology","selia.dermatology@yopmail.com"
285,"Nadine","Nephrology","nadine.nephrology@yopmail.com"
286,"Danika","Ophthalmology","danika.ophthalmology@yopmail.com"
287,"Max","Infectious disease","max.infectious_disease@yopmail.com"
288,"Annabela","Oncologist","annabela.oncologist@yopmail.com"
289,"Merry","Internists","merry.internists@yopmail.com"
290,"Misha","Pediatrics","misha.pediatrics@yopmail.com"
291,"Madeleine","Anesthesiology","madeleine.anesthesiology@yopmail.com"
292,"Moyna","Critical Care Medicine","moyna.critical_care_medicine@yopmail.com"
293,"Joelly","Gastroenterology","joelly.gastroenterology@yopmail.com"
294,"Mallory","Hospice and Palliative Care","mallory.hospice_and_palliative_care@yopmail.com"
295,"Carolina","Infectious disease","carolina.infectious_disease@yopmail.com"
296,"Bill","Hospice and Palliative Care","bill.hospice_and_palliative_care@yopmail.com"
297,"Pamella","Nephrology","pamella.nephrology@yopmail.com"
298,"Shel","Psychiatry","shel.psychiatry@yopmail.com"
299,"Joeann","Otolaryngologists","joeann.otolaryngologists@yopmail.com"
300,"Lacie","Infectious disease","lacie.infectious_disease@yopmail.com"
301,"Fayre","Ophthalmology","fayre.ophthalmology@yopmail.com"
302,"Deloria","Radiology","deloria.radiology@yopmail.com"
303,"Ardenia","Pediatrics","ardenia.pediatrics@yopmail.com"
304,"Livvyy","Infectious disease","livvyy.infectious_disease@yopmail.com"
305,"Anestassia","Family Medicine","anestassia.family_medicine@yopmail.com"
306,"Chickie","Emergency Medicine","chickie.emergency_medicine@yopmail.com"
307,"Adore","Anesthesiology","adore.anesthesiology@yopmail.com"
308,"Amara","Psychiatry","amara.psychiatry@yopmail.com"
309,"Asia","Emergency Medicine","asia.emergency_medicine@yopmail.com"
310,"Gabriellia","Emergency Medicine","gabriellia.emergency_medicine@yopmail.com"
311,"Moyna","Pulmonologists","moyna.pulmonologists@yopmail.com"
312,"Eolanda","Allergists","eolanda.allergists@yopmail.com"
313,"Dulcinea","Pediatrics","dulcinea.pediatrics@yopmail.com"
314,"Lorie","Critical Care Medicine","lorie.critical_care_medicine@yopmail.com"
315,"Beverley","Anesthesiology","beverley.anesthesiology@yopmail.com"
316,"Verla","Otolaryngologists","verla.otolaryngologists@yopmail.com"
317,"Randa","Critical Care Medicine","randa.critical_care_medicine@yopmail.com"
318,"Cecile","Emergency Medicine","cecile.emergency_medicine@yopmail.com"
319,"Iseabal","Gastroenterology","iseabal.gastroenterology@yopmail.com"
320,"Daune","Ophthalmology","daune.ophthalmology@yopmail.com"
321,"Randa","Dermatology","randa.dermatology@yopmail.com"
322,"Dorene","Cardiology","dorene.cardiology@yopmail.com"
323,"Collen","Surgery","collen.surgery@yopmail.com"
324,"Cyb","Hospice and Palliative Care","cyb.hospice_and_palliative_care@yopmail.com"
325,"Asia","Internists","asia.internists@yopmail.com"
326,"Laurene","Ophthalmology","laurene.ophthalmology@yopmail.com"
327,"Elfreda","Obstetric Anesthesiologists","elfreda.obstetric_anesthesiologists@yopmail.com"
328,"Evita","Family Medicine","evita.family_medicine@yopmail.com"
329,"Steffane","Allergists","steffane.allergists@yopmail.com"
330,"Esmeralda","Psychiatry","esmeralda.psychiatry@yopmail.com"
331,"Evaleen","Obstetric Anesthesiologists","evaleen.obstetric_anesthesiologists@yopmail.com"
332,"Maryellen","Oncologist","maryellen.oncologist@yopmail.com"
333,"Judy","Endocrinologist","judy.endocrinologist@yopmail.com"
334,"Alex","Pediatrics","alex.pediatrics@yopmail.com"
335,"Tani","Emergency Medicine","tani.emergency_medicine@yopmail.com"
336,"Albertina","Otolaryngologists","albertina.otolaryngologists@yopmail.com"
337,"Edith","Psychiatry","edith.psychiatry@yopmail.com"
338,"Alex","Internists","alex.internists@yopmail.com"
339,"Hildegaard","Surgery","hildegaard.surgery@yopmail.com"
340,"Tamqrah","Radiology","tamqrah.radiology@yopmail.com"
341,"Cherrita","Neurology","cherrita.neurology@yopmail.com"
342,"Mildrid","Oncologist","mildrid.oncologist@yopmail.com"
343,"Dulcinea","Dermatology","dulcinea.dermatology@yopmail.com"
344,"Karly","Endocrinologist","karly.endocrinologist@yopmail.com"
345,"Mariele","Anesthesiology","mariele.anesthesiology@yopmail.com"
346,"Lory","Surgery","lory.surgery@yopmail.com"
347,"Ekaterina","Infectious disease","ekaterina.infectious_disease@yopmail.com"
348,"Madeleine","Critical Care Medicine","madeleine.critical_care_medicine@yopmail.com"
349,"Leontine","Infectious disease","leontine.infectious_disease@yopmail.com"
350,"Carilyn","Dermatology","carilyn.dermatology@yopmail.com"
351,"Isa","Ophthalmology","isa.ophthalmology@yopmail.com"
352,"Nanete","Hospice and Palliative Care","nanete.hospice_and_palliative_care@yopmail.com"
353,"Emylee","Critical Care Medicine","emylee.critical_care_medicine@yopmail.com"
354,"Janis","Nephrology","janis.nephrology@yopmail.com"
355,"Karena","Dermatology","karena.dermatology@yopmail.com"
356,"Rosanne","Geriatrician","rosanne.geriatrician@yopmail.com"
357,"Sam","Nephrology","sam.nephrology@yopmail.com"
358,"Gratia","Cardiology","gratia.cardiology@yopmail.com"
359,"Ivett","Infectious disease","ivett.infectious_disease@yopmail.com"
360,"Berta","Cardiology","berta.cardiology@yopmail.com"
361,"Micheline","Ophthalmology","micheline.ophthalmology@yopmail.com"
362,"Mildrid","Geriatrician","mildrid.geriatrician@yopmail.com"
363,"Aeriela","Otolaryngologists","aeriela.otolaryngologists@yopmail.com"
364,"Tierney","Ophthalmology","tierney.ophthalmology@yopmail.com"
365,"Carmela","Family Medicine","carmela.family_medicine@yopmail.com"
366,"Karlee","Anesthesiology","karlee.anesthesiology@yopmail.com"
367,"Lanna","Cardiology","lanna.cardiology@yopmail.com"
368,"Cathyleen","Psychiatry","cathyleen.psychiatry@yopmail.com"
369,"Nikki","Oncologist","nikki.oncologist@yopmail.com"
370,"Averyl","Dermatology","averyl.dermatology@yopmail.com"
371,"Jobi","Pulmonologists","jobi.pulmonologists@yopmail.com"
372,"Annora","Gastroenterology","annora.gastroenterology@yopmail.com"
373,"Dorice","Allergists","dorice.allergists@yopmail.com"
374,"Ada","Surgery","ada.surgery@yopmail.com"
375,"Arlina","Pediatrics","arlina.pediatrics@yopmail.com"
376,"Chickie","Cardiology","chickie.cardiology@yopmail.com"
377,"Corene","Oncologist","corene.oncologist@yopmail.com"
378,"Aaren","Critical Care Medicine","aaren.critical_care_medicine@yopmail.com"
379,"Aeriela","Gastroenterology","aeriela.gastroenterology@yopmail.com"
380,"Asia","Dermatology","asia.dermatology@yopmail.com"
381,"Christy","Endocrinologist","christy.endocrinologist@yopmail.com"
382,"Karly","Internists","karly.internists@yopmail.com"
383,"Cristabel","Cardiology","cristabel.cardiology@yopmail.com"
384,"Deirdre","Neurology","deirdre.neurology@yopmail.com"
385,"Jeanna","Critical Care Medicine","jeanna.critical_care_medicine@yopmail.com"
386,"Mureil","Infectious disease","mureil.infectious_disease@yopmail.com"
387,"Agathe","Pulmonologists","agathe.pulmonologists@yopmail.com"
388,"Carlie","Ophthalmology","carlie.ophthalmology@yopmail.com"
389,"Dorene","Geriatrician","dorene.geriatrician@yopmail.com"
390,"Carmela","Anesthesiology","carmela.anesthesiology@yopmail.com"
391,"Cassondra","Endocrinologist","cassondra.endocrinologist@yopmail.com"
392,"Gianina","Obstetric Anesthesiologists","gianina.obstetric_anesthesiologists@yopmail.com"
393,"Talya","Otolaryngologists","talya.otolaryngologists@yopmail.com"
394,"Sandie","Infectious disease","sandie.infectious_disease@yopmail.com"
395,"Orelia","Radiology","orelia.radiology@yopmail.com"
396,"Lenna","Emergency Medicine","lenna.emergency_medicine@yopmail.com"
397,"Yolane","Emergency Medicine","yolane.emergency_medicine@yopmail.com"
398,"Helena","Family Medicine","helena.family_medicine@yopmail.com"
399,"Morganica","Allergists","morganica.allergists@yopmail.com"
400,"Cecile","Internists","cecile.internists@yopmail.com"
401,"Corene","Internists","corene.internists@yopmail.com"
402,"Kellen","Critical Care Medicine","kellen.critical_care_medicine@yopmail.com"
403,"Peri","Internists","peri.internists@yopmail.com"
404,"Adriana","Ophthalmology","adriana.ophthalmology@yopmail.com"
405,"Ottilie","Otolaryngologists","ottilie.otolaryngologists@yopmail.com"
406,"Letizia","Infectious disease","letizia.infectious_disease@yopmail.com"
407,"Elka","Infectious disease","elka.infectious_disease@yopmail.com"
408,"Chere","Geriatrician","chere.geriatrician@yopmail.com"
409,"Mahalia","Allergists","mahalia.allergists@yopmail.com"
410,"Dione","Psychiatry","dione.psychiatry@yopmail.com"
411,"Halette","Dermatology","halette.dermatology@yopmail.com"
412,"Corina","Otolaryngologists","corina.otolaryngologists@yopmail.com"
413,"Elise","Family Medicine","elise.family_medicine@yopmail.com"
414,"Catrina","Endocrinologist","catrina.endocrinologist@yopmail.com"
415,"Gerianna","Pulmonologists","gerianna.pulmonologists@yopmail.com"
416,"Ronna","Infectious disease","ronna.infectious_disease@yopmail.com"
417,"Tilly","Obstetric Anesthesiologists","tilly.obstetric_anesthesiologists@yopmail.com"
418,"Lynnea","Internists","lynnea.internists@yopmail.com"
419,"Myriam","Cardiology","myriam.cardiology@yopmail.com"
420,"Petronia","Anesthesiology","petronia.anesthesiology@yopmail.com"
421,"Gabi","Nephrology","gabi.nephrology@yopmail.com"
422,"Desirae","Gastroenterology","desirae.gastroenterology@yopmail.com"
423,"Starla","Neurology","starla.neurology@yopmail.com"
424,"Calla","Dermatology","calla.dermatology@yopmail.com"
425,"Carmela","Pediatrics","carmela.pediatrics@yopmail.com"
426,"Bobbi","Allergists","bobbi.allergists@yopmail.com"
427,"Dede","Nephrology","dede.nephrology@yopmail.com"
428,"Marti","Geriatrician","marti.geriatrician@yopmail.com"
429,"Ernesta","Cardiology","ernesta.cardiology@yopmail.com"
430,"Abbie","Anesthesiology","abbie.anesthesiology@yopmail.com"
431,"Jsandye","Geriatrician","jsandye.geriatrician@yopmail.com"
432,"Tabbatha","Anesthesiology","tabbatha.anesthesiology@yopmail.com"
433,"Annora","Cardiology","annora.cardiology@yopmail.com"
434,"Karena","Psychiatry","karena.psychiatry@yopmail.com"
435,"Jean","Ophthalmology","jean.ophthalmology@yopmail.com"
436,"Jenilee","Internists","jenilee.internists@yopmail.com"
437,"Yvonne","Radiology","yvonne.radiology@yopmail.com"
438,"Shell","Gastroenterology","shell.gastroenterology@yopmail.com"
439,"Barbi","Oncologist","barbi.oncologist@yopmail.com"
440,"Sonni","Surgery","sonni.surgery@yopmail.com"
441,"Roseline","Pulmonologists","roseline.pulmonologists@yopmail.com"
442,"Charissa","Geriatrician","charissa.geriatrician@yopmail.com"
443,"Hayley","Pediatrics","hayley.pediatrics@yopmail.com"
444,"Shannah","Allergists","shannah.allergists@yopmail.com"
445,"Beverley","Endocrinologist","beverley.endocrinologist@yopmail.com"
446,"Glynnis","Infectious disease","glynnis.infectious_disease@yopmail.com"
447,"Shell","Critical Care Medicine","shell.critical_care_medicine@yopmail.com"
448,"Ada","Pulmonologists","ada.pulmonologists@yopmail.com"
449,"Amii","Emergency Medicine","amii.emergency_medicine@yopmail.com"
450,"Aili","Emergency Medicine","aili.emergency_medicine@yopmail.com"
451,"Laure","Cardiology","laure.cardiology@yopmail.com"
452,"Britni","Oncologist","britni.oncologist@yopmail.com"
453,"Chrystel","Ophthalmology","chrystel.ophthalmology@yopmail.com"
454,"Lorenza","Ophthalmology","lorenza.ophthalmology@yopmail.com"
455,"Flo","Radiology","flo.radiology@yopmail.com"
456,"Arabel","Pediatrics","arabel.pediatrics@yopmail.com"
457,"Rani","Radiology","rani.radiology@yopmail.com"
458,"Sallie","Otolaryngologists","sallie.otolaryngologists@yopmail.com"
459,"Corina","Nephrology","corina.nephrology@yopmail.com"
460,"Asia","Otolaryngologists","asia.otolaryngologists@yopmail.com"
461,"Marcelline","Psychiatry","marcelline.psychiatry@yopmail.com"
462,"Genevra","Oncologist","genevra.oncologist@yopmail.com"
463,"Emelina","Family Medicine","emelina.family_medicine@yopmail.com"
464,"Jessy","Oncologist","jessy.oncologist@yopmail.com"
465,"Anallese","Otolaryngologists","anallese.otolaryngologists@yopmail.com"
466,"Leontine","Radiology","leontine.radiology@yopmail.com"
467,"Ebonee","Anesthesiology","ebonee.anesthesiology@yopmail.com"
468,"Corina","Oncologist","corina.oncologist@yopmail.com"
469,"Darlleen","Cardiology","darlleen.cardiology@yopmail.com"
470,"Nadine","Pediatrics","nadine.pediatrics@yopmail.com"
471,"Maisey","Obstetric Anesthesiologists","maisey.obstetric_anesthesiologists@yopmail.com"
472,"Emma","Psychiatry","emma.psychiatry@yopmail.com"
473,"Ricky","Anesthesiology","ricky.anesthesiology@yopmail.com"
474,"Gloria","Geriatrician","gloria.geriatrician@yopmail.com"
475,"Jessamyn","Infectious disease","jessamyn.infectious_disease@yopmail.com"
476,"Fredericka","Surgery","fredericka.surgery@yopmail.com"
477,"Charissa","Hospice and Palliative Care","charissa.hospice_and_palliative_care@yopmail.com"
478,"Brietta","Pediatrics","brietta.pediatrics@yopmail.com"
479,"Dacia","Endocrinologist","dacia.endocrinologist@yopmail.com"
480,"Debee","Otolaryngologists","debee.otolaryngologists@yopmail.com"
481,"Adore","Neurology","adore.neurology@yopmail.com"
482,"Addia","Obstetric Anesthesiologists","addia.obstetric_anesthesiologists@yopmail.com"
483,"Nerta","Ophthalmology","nerta.ophthalmology@yopmail.com"
484,"Juliane","Dermatology","juliane.dermatology@yopmail.com"
485,"Constance","Otolaryngologists","constance.otolaryngologists@yopmail.com"
486,"Belinda","Internists","belinda.internists@yopmail.com"
487,"Andeee","Endocrinologist","andeee.endocrinologist@yopmail.com"
488,"Giustina","Radiology","giustina.radiology@yopmail.com"
489,"Rosabelle","Pulmonologists","rosabelle.pulmonologists@yopmail.com"
490,"Alejandra","Endocrinologist","alejandra.endocrinologist@yopmail.com"
491,"Chickie","Infectious disease","chickie.infectious_disease@yopmail.com"
492,"Katleen","Ophthalmology","katleen.ophthalmology@yopmail.com"
493,"Clarice","Dermatology","clarice.dermatology@yopmail.com"
494,"Sybille","Infectious disease","sybille.infectious_disease@yopmail.com"
495,"Dominga","Critical Care Medicine","dominga.critical_care_medicine@yopmail.com"
496,"Robbi","Dermatology","robbi.dermatology@yopmail.com"
497,"Cassandra","Pulmonologists","cassandra.pulmonologists@yopmail.com"
498,"Brynna","Surgery","brynna.surgery@yopmail.com"
499,"Gretal","Oncologist","gretal.oncologist@yopmail.com"
500,"Emmey","Oncologist","emmey.oncologist@yopmail.com"
501,"Chastity","Otolaryngologists","chastity.otolaryngologists@yopmail.com"
502,"Brianna","Dermatology","brianna.dermatology@yopmail.com"
503,"Andeee","Hospice and Palliative Care","andeee.hospice_and_palliative_care@yopmail.com"
504,"Misha","Anesthesiology","misha.anesthesiology@yopmail.com"
505,"Danny","Otolaryngologists","danny.otolaryngologists@yopmail.com"
506,"Catrina","Obstetric Anesthesiologists","catrina.obstetric_anesthesiologists@yopmail.com"
507,"Katleen","Nephrology","katleen.nephrology@yopmail.com"
508,"Kary","Internists","kary.internists@yopmail.com"
509,"Tabbatha","Oncologist","tabbatha.oncologist@yopmail.com"
510,"Doralynne","Hospice and Palliative Care","doralynne.hospice_and_palliative_care@yopmail.com"
511,"Louella","Cardiology","louella.cardiology@yopmail.com"
512,"Luci","Emergency Medicine","luci.emergency_medicine@yopmail.com"
513,"Joane","Neurology","joane.neurology@yopmail.com"
514,"Teriann","Hospice and Palliative Care","teriann.hospice_and_palliative_care@yopmail.com"
515,"Chrystel","Otolaryngologists","chrystel.otolaryngologists@yopmail.com"
516,"Candi","Oncologist","candi.oncologist@yopmail.com"
517,"Emilia","Pediatrics","emilia.pediatrics@yopmail.com"
518,"Charissa","Nephrology","charissa.nephrology@yopmail.com"
519,"Gui","Allergists","gui.allergists@yopmail.com"
520,"Lolita","Obstetric Anesthesiologists","lolita.obstetric_anesthesiologists@yopmail.com"
521,"Celene","Pulmonologists","celene.pulmonologists@yopmail.com"
522,"Gusty","Radiology","gusty.radiology@yopmail.com"
523,"Elie","Ophthalmology","elie.ophthalmology@yopmail.com"
524,"Nanete","Oncologist","nanete.oncologist@yopmail.com"
525,"Charlena","Critical Care Medicine","charlena.critical_care_medicine@yopmail.com"
526,"Dode","Obstetric Anesthesiologists","dode.obstetric_anesthesiologists@yopmail.com"
527,"Alex","Surgery","alex.surgery@yopmail.com"
528,"Riannon","Anesthesiology","riannon.anesthesiology@yopmail.com"
529,"Alejandra","Internists","alejandra.internists@yopmail.com"
530,"Beth","Psychiatry","beth.psychiatry@yopmail.com"
531,"Leona","Gastroenterology","leona.gastroenterology@yopmail.com"
532,"Basia","Allergists","basia.allergists@yopmail.com"
533,"Jobi","Surgery","jobi.surgery@yopmail.com"
534,"Vonny","Allergists","vonny.allergists@yopmail.com"
535,"Lolita","Nephrology","lolita.nephrology@yopmail.com"
536,"Joeann","Obstetric Anesthesiologists","joeann.obstetric_anesthesiologists@yopmail.com"
537,"Giustina","Gastroenterology","giustina.gastroenterology@yopmail.com"
538,"Blondelle","Endocrinologist","blondelle.endocrinologist@yopmail.com"
539,"Karly","Emergency Medicine","karly.emergency_medicine@yopmail.com"
540,"Karena","Internists","karena.internists@yopmail.com"
541,"Heddie","Family Medicine","heddie.family_medicine@yopmail.com"
542,"Jsandye","Gastroenterology","jsandye.gastroenterology@yopmail.com"
543,"Carilyn","Otolaryngologists","carilyn.otolaryngologists@yopmail.com"
544,"Aimil","Dermatology","aimil.dermatology@yopmail.com"
545,"Brana","Dermatology","brana.dermatology@yopmail.com"
546,"Nerta","Gastroenterology","nerta.gastroenterology@yopmail.com"
547,"Gertrud","Hospice and Palliative Care","gertrud.hospice_and_palliative_care@yopmail.com"
548,"Claresta","Oncologist","claresta.oncologist@yopmail.com"
549,"Taffy","Otolaryngologists","taffy.otolaryngologists@yopmail.com"
550,"Leontine","Family Medicine","leontine.family_medicine@yopmail.com"
551,"Karena","Pulmonologists","karena.pulmonologists@yopmail.com"
552,"Cacilie","Family Medicine","cacilie.family_medicine@yopmail.com"
553,"Charmaine","Allergists","charmaine.allergists@yopmail.com"
554,"Leanna","Anesthesiology","leanna.anesthesiology@yopmail.com"
555,"Henriette","Cardiology","henriette.cardiology@yopmail.com"
556,"Vere","Allergists","vere.allergists@yopmail.com"
557,"Fina","Pulmonologists","fina.pulmonologists@yopmail.com"
558,"Chrystel","Anesthesiology","chrystel.anesthesiology@yopmail.com"
559,"Brooks","Dermatology","brooks.dermatology@yopmail.com"
560,"Kial","Allergists","kial.allergists@yopmail.com"
561,"Bernardine","Otolaryngologists","bernardine.otolaryngologists@yopmail.com"
562,"Rivalee","Nephrology","rivalee.nephrology@yopmail.com"
563,"Evita","Surgery","evita.surgery@yopmail.com"
564,"Melisent","Emergency Medicine","melisent.emergency_medicine@yopmail.com"
565,"Nollie","Anesthesiology","nollie.anesthesiology@yopmail.com"
566,"Agnese","Gastroenterology","agnese.gastroenterology@yopmail.com"
567,"Briney","Emergency Medicine","briney.emergency_medicine@yopmail.com"
568,"Fina","Geriatrician","fina.geriatrician@yopmail.com"
569,"Marylou","Internists","marylou.internists@yopmail.com"
570,"Lorie","Ophthalmology","lorie.ophthalmology@yopmail.com"
571,"Linet","Gastroenterology","linet.gastroenterology@yopmail.com"
572,"Nanete","Pediatrics","nanete.pediatrics@yopmail.com"
573,"Christal","Neurology","christal.neurology@yopmail.com"
574,"Farrah","Geriatrician","farrah.geriatrician@yopmail.com"
575,"Addia","Nephrology","addia.nephrology@yopmail.com"
576,"Roberta","Obstetric Anesthesiologists","roberta.obstetric_anesthesiologists@yopmail.com"
577,"Kylynn","Allergists","kylynn.allergists@yopmail.com"
578,"Lanae","Obstetric Anesthesiologists","lanae.obstetric_anesthesiologists@yopmail.com"
579,"Roxane","Allergists","roxane.allergists@yopmail.com"
580,"Agnese","Pediatrics","agnese.pediatrics@yopmail.com"
581,"Anthia","Endocrinologist","anthia.endocrinologist@yopmail.com"
582,"Calla","Hospice and Palliative Care","calla.hospice_and_palliative_care@yopmail.com"
583,"Ulrike","Infectious disease","ulrike.infectious_disease@yopmail.com"
584,"Beatriz","Allergists","beatriz.allergists@yopmail.com"
585,"Dorthy","Geriatrician","dorthy.geriatrician@yopmail.com"
586,"Aaren","Surgery","aaren.surgery@yopmail.com"
587,"Lanae","Oncologist","lanae.oncologist@yopmail.com"
588,"Tybie","Obstetric Anesthesiologists","tybie.obstetric_anesthesiologists@yopmail.com"
589,"Jaclyn","Otolaryngologists","jaclyn.otolaryngologists@yopmail.com"
590,"Nita","Gastroenterology","nita.gastroenterology@yopmail.com"
591,"Tina","Otolaryngologists","tina.otolaryngologists@yopmail.com"
592,"Florie","Family Medicine","florie.family_medicine@yopmail.com"
593,"Bertine","Infectious disease","bertine.infectious_disease@yopmail.com"
594,"Dennie","Obstetric Anesthesiologists","dennie.obstetric_anesthesiologists@yopmail.com"
595,"Elka","Hospice and Palliative Care","elka.hospice_and_palliative_care@yopmail.com"
596,"Talya","Emergency Medicine","talya.emergency_medicine@yopmail.com"
597,"Di","Emergency Medicine","di.emergency_medicine@yopmail.com"
598,"Arabel","Oncologist","arabel.oncologist@yopmail.com"
599,"Bobbi","Oncologist","bobbi.oncologist@yopmail.com"
600,"Jolyn","Infectious disease","jolyn.infectious_disease@yopmail.com"
601,"Tomasina","Psychiatry","tomasina.psychiatry@yopmail.com"
602,"Ericka","Critical Care Medicine","ericka.critical_care_medicine@yopmail.com"
603,"Cyndie","Dermatology","cyndie.dermatology@yopmail.com"
604,"Dione","Gastroenterology","dione.gastroenterology@yopmail.com"
605,"Cathyleen","Emergency Medicine","cathyleen.emergency_medicine@yopmail.com"
606,"Livvyy","Cardiology","livvyy.cardiology@yopmail.com"
607,"Aili","Otolaryngologists","aili.otolaryngologists@yopmail.com"
608,"Johna","Obstetric Anesthesiologists","johna.obstetric_anesthesiologists@yopmail.com"
609,"Marjie","Endocrinologist","marjie.endocrinologist@yopmail.com"
610,"Rubie","Allergists","rubie.allergists@yopmail.com"
611,"Allis","Neurology","allis.neurology@yopmail.com"
612,"Micheline","Ophthalmology","micheline.ophthalmology@yopmail.com"
613,"Imojean","Infectious disease","imojean.infectious_disease@yopmail.com"
614,"Carmencita","Psychiatry","carmencita.psychiatry@yopmail.com"
615,"Maurene","Ophthalmology","maurene.ophthalmology@yopmail.com"
616,"Brooks","Oncologist","brooks.oncologist@yopmail.com"
617,"Lilith","Allergists","lilith.allergists@yopmail.com"
618,"Calla","Gastroenterology","calla.gastroenterology@yopmail.com"
619,"Marita","Infectious disease","marita.infectious_disease@yopmail.com"
620,"Grier","Dermatology","grier.dermatology@yopmail.com"
621,"Paola","Infectious disease","paola.infectious_disease@yopmail.com"
622,"Annabela","Oncologist","annabela.oncologist@yopmail.com"
623,"Michaelina","Pulmonologists","michaelina.pulmonologists@yopmail.com"
624,"Helsa","Emergency Medicine","helsa.emergency_medicine@yopmail.com"
625,"Kary","Radiology","kary.radiology@yopmail.com"
626,"Vinita","Psychiatry","vinita.psychiatry@yopmail.com"
627,"Doro","Anesthesiology","doro.anesthesiology@yopmail.com"
628,"Tiffie","Endocrinologist","tiffie.endocrinologist@yopmail.com"
629,"Mady","Geriatrician","mady.geriatrician@yopmail.com"
630,"Tressa","Geriatrician","tressa.geriatrician@yopmail.com"
631,"Lindie","Emergency Medicine","lindie.emergency_medicine@yopmail.com"
632,"Minne","Dermatology","minne.dermatology@yopmail.com"
633,"Ida","Oncologist","ida.oncologist@yopmail.com"
634,"Oralee","Surgery","oralee.surgery@yopmail.com"
635,"Jean","Endocrinologist","jean.endocrinologist@yopmail.com"
636,"Kellen","Endocrinologist","kellen.endocrinologist@yopmail.com"
637,"Lorne","Neurology","lorne.neurology@yopmail.com"
638,"Hallie","Pediatrics","hallie.pediatrics@yopmail.com"
639,"Kelly","Ophthalmology","kelly.ophthalmology@yopmail.com"
640,"Ronna","Pediatrics","ronna.pediatrics@yopmail.com"
641,"Jessy","Endocrinologist","jessy.endocrinologist@yopmail.com"
642,"Annecorinne","Pulmonologists","annecorinne.pulmonologists@yopmail.com"
643,"Addia","Endocrinologist","addia.endocrinologist@yopmail.com"
644,"Lucy","Ophthalmology","lucy.ophthalmology@yopmail.com"
645,"Barbi","Surgery","barbi.surgery@yopmail.com"
646,"Hope","Anesthesiology","hope.anesthesiology@yopmail.com"
647,"Andeee","Ophthalmology","andeee.ophthalmology@yopmail.com"
648,"Alejandra","Critical Care Medicine","alejandra.critical_care_medicine@yopmail.com"
649,"Jenda","Family Medicine","jenda.family_medicine@yopmail.com"
650,"Ezmeralda","Neurology","ezmeralda.neurology@yopmail.com"
651,"Doralynne","Neurology","doralynne.neurology@yopmail.com"
652,"Aryn","Obstetric Anesthesiologists","aryn.obstetric_anesthesiologists@yopmail.com"
653,"Lynde","Radiology","lynde.radiology@yopmail.com"
654,"Micheline","Otolaryngologists","micheline.otolaryngologists@yopmail.com"
655,"Ira","Otolaryngologists","ira.otolaryngologists@yopmail.com"
656,"Ernesta","Psychiatry","ernesta.psychiatry@yopmail.com"
657,"Lorie","Neurology","lorie.neurology@yopmail.com"
658,"Chastity","Geriatrician","chastity.geriatrician@yopmail.com"
659,"Carolina","Neurology","carolina.neurology@yopmail.com"
660,"Robinia","Cardiology","robinia.cardiology@yopmail.com"
661,"Hermione","Pulmonologists","hermione.pulmonologists@yopmail.com"
662,"Corene","Otolaryngologists","corene.otolaryngologists@yopmail.com"
663,"Harmonia","Emergency Medicine","harmonia.emergency_medicine@yopmail.com"
664,"Ada","Ophthalmology","ada.ophthalmology@yopmail.com"
665,"Doro","Obstetric Anesthesiologists","doro.obstetric_anesthesiologists@yopmail.com"
666,"Elena","Allergists","elena.allergists@yopmail.com"
667,"Zsa Zsa","Oncologist","zsa zsa.oncologist@yopmail.com"
668,"Allis","Endocrinologist","allis.endocrinologist@yopmail.com"
669,"Kirstin","Surgery","kirstin.surgery@yopmail.com"
670,"Catharine","Dermatology","catharine.dermatology@yopmail.com"
671,"Priscilla","Obstetric Anesthesiologists","priscilla.obstetric_anesthesiologists@yopmail.com"
672,"Ingrid","Psychiatry","ingrid.psychiatry@yopmail.com"
673,"Andeee","Surgery","andeee.surgery@yopmail.com"
674,"Grier","Allergists","grier.allergists@yopmail.com"
675,"Fidelia","Nephrology","fidelia.nephrology@yopmail.com"
676,"Danika","Surgery","danika.surgery@yopmail.com"
677,"Sissy","Otolaryngologists","sissy.otolaryngologists@yopmail.com"
678,"Sharai","Geriatrician","sharai.geriatrician@yopmail.com"
679,"Emelina","Critical Care Medicine","emelina.critical_care_medicine@yopmail.com"
680,"Flory","Obstetric Anesthesiologists","flory.obstetric_anesthesiologists@yopmail.com"
681,"Jobi","Gastroenterology","jobi.gastroenterology@yopmail.com"
682,"Kathy","Pediatrics","kathy.pediatrics@yopmail.com"
683,"Lanna","Internists","lanna.internists@yopmail.com"
684,"Laure","Radiology","laure.radiology@yopmail.com"
685,"Caritta","Surgery","caritta.surgery@yopmail.com"
686,"Netty","Neurology","netty.neurology@yopmail.com"
687,"Daryl","Psychiatry","daryl.psychiatry@yopmail.com"
688,"Albertina","Emergency Medicine","albertina.emergency_medicine@yopmail.com"
689,"Dacia","Gastroenterology","dacia.gastroenterology@yopmail.com"
690,"Anestassia","Obstetric Anesthesiologists","anestassia.obstetric_anesthesiologists@yopmail.com"
691,"Elbertina","Psychiatry","elbertina.psychiatry@yopmail.com"
692,"Ericka","Dermatology","ericka.dermatology@yopmail.com"
693,"Sadie","Oncologist","sadie.oncologist@yopmail.com"
694,"Cristabel","Oncologist","cristabel.oncologist@yopmail.com"
695,"Lanae","Neurology","lanae.neurology@yopmail.com"
696,"Georgina","Obstetric Anesthesiologists","georgina.obstetric_anesthesiologists@yopmail.com"
697,"Wynne","Infectious disease","wynne.infectious_disease@yopmail.com"
698,"Brana","Nephrology","brana.nephrology@yopmail.com"
699,"Thalia","Emergency Medicine","thalia.emergency_medicine@yopmail.com"
700,"Caritta","Allergists","caritta.allergists@yopmail.com"
701,"Constance","Geriatrician","constance.geriatrician@yopmail.com"
702,"Olivette","Endocrinologist","olivette.endocrinologist@yopmail.com"
703,"Rubie","Infectious disease","rubie.infectious_disease@yopmail.com"
704,"Shaylyn","Radiology","shaylyn.radiology@yopmail.com"
705,"Ronna","Endocrinologist","ronna.endocrinologist@yopmail.com"
706,"Shell","Infectious disease","shell.infectious_disease@yopmail.com"
707,"Karena","Otolaryngologists","karena.otolaryngologists@yopmail.com"
708,"Lita","Otolaryngologists","lita.otolaryngologists@yopmail.com"
709,"Moyna","Surgery","moyna.surgery@yopmail.com"
710,"Rhea","Anesthesiology","rhea.anesthesiology@yopmail.com"
711,"Valera","Geriatrician","valera.geriatrician@yopmail.com"
712,"Lanna","Hospice and Palliative Care","lanna.hospice_and_palliative_care@yopmail.com"
713,"Ninnetta","Pulmonologists","ninnetta.pulmonologists@yopmail.com"
714,"Quintina","Anesthesiology","quintina.anesthesiology@yopmail.com"
715,"Steffane","Nephrology","steffane.nephrology@yopmail.com"
716,"Kara-Lynn","Radiology","kara-lynn.radiology@yopmail.com"
717,"Marleah","Gastroenterology","marleah.gastroenterology@yopmail.com"
718,"Cyndie","Pediatrics","cyndie.pediatrics@yopmail.com"
719,"Veda","Ophthalmology","veda.ophthalmology@yopmail.com"
720,"Harrietta","Anesthesiology","harrietta.anesthesiology@yopmail.com"
721,"Kerrin","Geriatrician","kerrin.geriatrician@yopmail.com"
722,"Gusella","Neurology","gusella.neurology@yopmail.com"
723,"Joeann","Radiology","joeann.radiology@yopmail.com"
724,"Shaylyn","Ophthalmology","shaylyn.ophthalmology@yopmail.com"
725,"Jinny","Emergency Medicine","jinny.emergency_medicine@yopmail.com"
726,"Mellicent","Infectious disease","mellicent.infectious_disease@yopmail.com"
727,"Quintina","Oncologist","quintina.oncologist@yopmail.com"
728,"Codie","Otolaryngologists","codie.otolaryngologists@yopmail.com"
729,"Shauna","Surgery","shauna.surgery@yopmail.com"
730,"Shel","Hospice and Palliative Care","shel.hospice_and_palliative_care@yopmail.com"
731,"Tiffie","Otolaryngologists","tiffie.otolaryngologists@yopmail.com"
732,"Nataline","Emergency Medicine","nataline.emergency_medicine@yopmail.com"
733,"Monika","Psychiatry","monika.psychiatry@yopmail.com"
734,"Charissa","Oncologist","charissa.oncologist@yopmail.com"
735,"Petronia","Anesthesiology","petronia.anesthesiology@yopmail.com"
736,"Rivalee","Psychiatry","rivalee.psychiatry@yopmail.com"
737,"Nessie","Neurology","nessie.neurology@yopmail.com"
738,"Janenna","Radiology","janenna.radiology@yopmail.com"
739,"Shauna","Psychiatry","shauna.psychiatry@yopmail.com"
740,"Shaine","Anesthesiology","shaine.anesthesiology@yopmail.com"
741,"Margette","Cardiology","margette.cardiology@yopmail.com"
742,"Max","Family Medicine","max.family_medicine@yopmail.com"
743,"Phedra","Surgery","phedra.surgery@yopmail.com"
744,"Silvana","Allergists","silvana.allergists@yopmail.com"
745,"Valli","Neurology","valli.neurology@yopmail.com"
746,"Ofilia","Pulmonologists","ofilia.pulmonologists@yopmail.com"
747,"Stephanie","Nephrology","stephanie.nephrology@yopmail.com"
748,"Karlee","Otolaryngologists","karlee.otolaryngologists@yopmail.com"
749,"Verla","Psychiatry","verla.psychiatry@yopmail.com"
750,"Gretal","Neurology","gretal.neurology@yopmail.com"
751,"Vanessa","Internists","vanessa.internists@yopmail.com"
752,"Zia","Emergency Medicine","zia.emergency_medicine@yopmail.com"
753,"Sam","Dermatology","sam.dermatology@yopmail.com"
754,"Minda","Obstetric Anesthesiologists","minda.obstetric_anesthesiologists@yopmail.com"
755,"Millie","Neurology","millie.neurology@yopmail.com"
756,"Mallory","Hospice and Palliative Care","mallory.hospice_and_palliative_care@yopmail.com"
757,"Krystle","Nephrology","krystle.nephrology@yopmail.com"
758,"Emma","Critical Care Medicine","emma.critical_care_medicine@yopmail.com"
759,"Glenda","Neurology","glenda.neurology@yopmail.com"
760,"Morganica","Radiology","morganica.radiology@yopmail.com"
761,"Patricia","Family Medicine","patricia.family_medicine@yopmail.com"
762,"Edith","Surgery","edith.surgery@yopmail.com"
763,"Mahalia","Surgery","mahalia.surgery@yopmail.com"
764,"Margalo","Infectious disease","margalo.infectious_disease@yopmail.com"
765,"Nyssa","Internists","nyssa.internists@yopmail.com"
766,"Ursulina","Nephrology","ursulina.nephrology@yopmail.com"
767,"Constance","Dermatology","constance.dermatology@yopmail.com"
768,"Inga","Hospice and Palliative Care","inga.hospice_and_palliative_care@yopmail.com"
769,"Joeann","Cardiology","joeann.cardiology@yopmail.com"
770,"Lanna","Radiology","lanna.radiology@yopmail.com"
771,"Maye","Pulmonologists","maye.pulmonologists@yopmail.com"
772,"Joelly","Ophthalmology","joelly.ophthalmology@yopmail.com"
773,"Sophia","Nephrology","sophia.nephrology@yopmail.com"
774,"Cathyleen","Family Medicine","cathyleen.family_medicine@yopmail.com"
775,"Emmey","Endocrinologist","emmey.endocrinologist@yopmail.com"
776,"Kate","Pulmonologists","kate.pulmonologists@yopmail.com"
777,"Cyb","Ophthalmology","cyb.ophthalmology@yopmail.com"
778,"Nikki","Oncologist","nikki.oncologist@yopmail.com"
779,"Fawne","Ophthalmology","fawne.ophthalmology@yopmail.com"
780,"Nelle","Endocrinologist","nelle.endocrinologist@yopmail.com"
781,"Zondra","Radiology","zondra.radiology@yopmail.com"
782,"Ketti","Oncologist","ketti.oncologist@yopmail.com"
783,"Lila","Surgery","lila.surgery@yopmail.com"
784,"Frank","Endocrinologist","frank.endocrinologist@yopmail.com"
785,"Tierney","Cardiology","tierney.cardiology@yopmail.com"
786,"Brandise","Cardiology","brandise.cardiology@yopmail.com"
787,"Lindie","Nephrology","lindie.nephrology@yopmail.com"
788,"Shel","Ophthalmology","shel.ophthalmology@yopmail.com"
789,"Atlanta","Infectious disease","atlanta.infectious_disease@yopmail.com"
790,"Valli","Radiology","valli.radiology@yopmail.com"
791,"Orelia","Gastroenterology","orelia.gastroenterology@yopmail.com"
792,"Leeanne","Radiology","leeanne.radiology@yopmail.com"
793,"Romona","Surgery","romona.surgery@yopmail.com"
794,"Sashenka","Pediatrics","sashenka.pediatrics@yopmail.com"
795,"Taffy","Neurology","taffy.neurology@yopmail.com"
796,"Aurore","Gastroenterology","aurore.gastroenterology@yopmail.com"
797,"Maryellen","Family Medicine","maryellen.family_medicine@yopmail.com"
798,"Phedra","Dermatology","phedra.dermatology@yopmail.com"
799,"Ofilia","Endocrinologist","ofilia.endocrinologist@yopmail.com"
800,"Jaclyn","Dermatology","jaclyn.dermatology@yopmail.com"
801,"Lacie","Internists","lacie.internists@yopmail.com"
802,"Tersina","Neurology","tersina.neurology@yopmail.com"
803,"Romona","Pediatrics","romona.pediatrics@yopmail.com"
804,"Katharina","Anesthesiology","katharina.anesthesiology@yopmail.com"
805,"Gavrielle","Endocrinologist","gavrielle.endocrinologist@yopmail.com"
806,"Viviene","Gastroenterology","viviene.gastroenterology@yopmail.com"
807,"Larine","Pediatrics","larine.pediatrics@yopmail.com"
808,"Ricky","Infectious disease","ricky.infectious_disease@yopmail.com"
809,"Roz","Neurology","roz.neurology@yopmail.com"
810,"Nannie","Oncologist","nannie.oncologist@yopmail.com"
811,"Sindee","Anesthesiology","sindee.anesthesiology@yopmail.com"
812,"Melodie","Endocrinologist","melodie.endocrinologist@yopmail.com"
813,"Marsiella","Critical Care Medicine","marsiella.critical_care_medicine@yopmail.com"
814,"Wanda","Ophthalmology","wanda.ophthalmology@yopmail.com"
815,"Dolli","Endocrinologist","dolli.endocrinologist@yopmail.com"
816,"Dyann","Radiology","dyann.radiology@yopmail.com"
817,"Queenie","Anesthesiology","queenie.anesthesiology@yopmail.com"
818,"Shandie","Oncologist","shandie.oncologist@yopmail.com"
819,"Paule","Family Medicine","paule.family_medicine@yopmail.com"
820,"Rosaline","Pediatrics","rosaline.pediatrics@yopmail.com"
821,"Charmaine","Obstetric Anesthesiologists","charmaine.obstetric_anesthesiologists@yopmail.com"
822,"Correy","Internists","correy.internists@yopmail.com"
823,"Jere","Neurology","jere.neurology@yopmail.com"
824,"Molli","Allergists","molli.allergists@yopmail.com"
825,"Danny","Ophthalmology","danny.ophthalmology@yopmail.com"
826,"Carree","Allergists","carree.allergists@yopmail.com"
827,"Jeanna","Obstetric Anesthesiologists","jeanna.obstetric_anesthesiologists@yopmail.com"
828,"Ermengarde","Oncologist","ermengarde.oncologist@yopmail.com"
829,"Tera","Nephrology","tera.nephrology@yopmail.com"
830,"Noelle","Gastroenterology","noelle.gastroenterology@yopmail.com"
831,"Renie","Nephrology","renie.nephrology@yopmail.com"
832,"Daryl","Internists","daryl.internists@yopmail.com"
833,"Margarette","Psychiatry","margarette.psychiatry@yopmail.com"
834,"Wileen","Nephrology","wileen.nephrology@yopmail.com"
835,"Lita","Ophthalmology","lita.ophthalmology@yopmail.com"
836,"Harmonia","Infectious disease","harmonia.infectious_disease@yopmail.com"
837,"Magdalena","Pediatrics","magdalena.pediatrics@yopmail.com"
838,"Rhea","Cardiology","rhea.cardiology@yopmail.com"
839,"Minne","Critical Care Medicine","minne.critical_care_medicine@yopmail.com"
840,"Rozele","Critical Care Medicine","rozele.critical_care_medicine@yopmail.com"
841,"Noelle","Geriatrician","noelle.geriatrician@yopmail.com"
842,"Vere","Geriatrician","vere.geriatrician@yopmail.com"
843,"Nelle","Otolaryngologists","nelle.otolaryngologists@yopmail.com"
844,"Siana","Oncologist","siana.oncologist@yopmail.com"
845,"Jenilee","Internists","jenilee.internists@yopmail.com"
846,"Kalina","Obstetric Anesthesiologists","kalina.obstetric_anesthesiologists@yopmail.com"
847,"Mady","Family Medicine","mady.family_medicine@yopmail.com"
848,"Nollie","Emergency Medicine","nollie.emergency_medicine@yopmail.com"
849,"Ninnetta","Pediatrics","ninnetta.pediatrics@yopmail.com"
850,"Etta","Family Medicine","etta.family_medicine@yopmail.com"
851,"Shannah","Cardiology","shannah.cardiology@yopmail.com"
852,"Kellen","Nephrology","kellen.nephrology@yopmail.com"
853,"Merrie","Pediatrics","merrie.pediatrics@yopmail.com"
854,"Tera","Otolaryngologists","tera.otolaryngologists@yopmail.com"
855,"Josephine","Emergency Medicine","josephine.emergency_medicine@yopmail.com"
856,"Lucy","Geriatrician","lucy.geriatrician@yopmail.com"
857,"Sidoney","Otolaryngologists","sidoney.otolaryngologists@yopmail.com"
858,"Jinny","Infectious disease","jinny.infectious_disease@yopmail.com"
859,"Sara-Ann","Otolaryngologists","sara-ann.otolaryngologists@yopmail.com"
860,"Marita","Surgery","marita.surgery@yopmail.com"
861,"Annora","Radiology","annora.radiology@yopmail.com"
862,"Kirbee","Allergists","kirbee.allergists@yopmail.com"
863,"Talya","Radiology","talya.radiology@yopmail.com"
864,"Verla","Emergency Medicine","verla.emergency_medicine@yopmail.com"
865,"Tersina","Critical Care Medicine","tersina.critical_care_medicine@yopmail.com"
866,"Hope","Pediatrics","hope.pediatrics@yopmail.com"
867,"Phylis","Gastroenterology","phylis.gastroenterology@yopmail.com"
868,"Maryellen","Endocrinologist","maryellen.endocrinologist@yopmail.com"
869,"Sarette","Neurology","sarette.neurology@yopmail.com"
870,"Tilly","Ophthalmology","tilly.ophthalmology@yopmail.com"
871,"Frank","Internists","frank.internists@yopmail.com"
872,"Jacquetta","Ophthalmology","jacquetta.ophthalmology@yopmail.com"
873,"Pierette","Gastroenterology","pierette.gastroenterology@yopmail.com"
874,"Nickie","Surgery","nickie.surgery@yopmail.com"
875,"Genovera","Psychiatry","genovera.psychiatry@yopmail.com"
876,"Marnia","Anesthesiology","marnia.anesthesiology@yopmail.com"
877,"Pierette","Pediatrics","pierette.pediatrics@yopmail.com"
878,"Gisela","Endocrinologist","gisela.endocrinologist@yopmail.com"
879,"Hallie","Neurology","hallie.neurology@yopmail.com"
880,"Jillayne","Allergists","jillayne.allergists@yopmail.com"
881,"Mariann","Neurology","mariann.neurology@yopmail.com"
882,"Oona","Pediatrics","oona.pediatrics@yopmail.com"
883,"Karlee","Critical Care Medicine","karlee.critical_care_medicine@yopmail.com"
884,"Florencia","Oncologist","florencia.oncologist@yopmail.com"
885,"Misha","Endocrinologist","misha.endocrinologist@yopmail.com"
886,"Stacey","Anesthesiology","stacey.anesthesiology@yopmail.com"
887,"Wileen","Surgery","wileen.surgery@yopmail.com"
888,"Mariele","Ophthalmology","mariele.ophthalmology@yopmail.com"
889,"Marylou","Oncologist","marylou.oncologist@yopmail.com"
890,"Riannon","Allergists","riannon.allergists@yopmail.com"
891,"Zsa Zsa","Ophthalmology","zsa zsa.ophthalmology@yopmail.com"
892,"Rozele","Neurology","rozele.neurology@yopmail.com"
893,"Hallie","Allergists","hallie.allergists@yopmail.com"
894,"Leontine","Surgery","leontine.surgery@yopmail.com"
895,"Nanete","Family Medicine","nanete.family_medicine@yopmail.com"
896,"Elora","Pulmonologists","elora.pulmonologists@yopmail.com"
897,"Marcelline","Dermatology","marcelline.dermatology@yopmail.com"
898,"Glenda","Geriatrician","glenda.geriatrician@yopmail.com"
899,"Karena","Neurology","karena.neurology@yopmail.com"
900,"Sara-Ann","Pediatrics","sara-ann.pediatrics@yopmail.com"
901,"Gilda","Dermatology","gilda.dermatology@yopmail.com"
902,"Roseline","Pediatrics","roseline.pediatrics@yopmail.com"
903,"Estell","Geriatrician","estell.geriatrician@yopmail.com"
904,"Sue","Critical Care Medicine","sue.critical_care_medicine@yopmail.com"
905,"Fanchon","Pediatrics","fanchon.pediatrics@yopmail.com"
906,"Frank","Obstetric Anesthesiologists","frank.obstetric_anesthesiologists@yopmail.com"
907,"Leanna","Internists","leanna.internists@yopmail.com"
908,"Marinna","Emergency Medicine","marinna.emergency_medicine@yopmail.com"
909,"Philis","Internists","philis.internists@yopmail.com"
910,"Christal","Pulmonologists","christal.pulmonologists@yopmail.com"
911,"Frances","Gastroenterology","frances.gastroenterology@yopmail.com"
912,"Patricia","Cardiology","patricia.cardiology@yopmail.com"
913,"Shauna","Surgery","shauna.surgery@yopmail.com"
914,"Candi","Dermatology","candi.dermatology@yopmail.com"
915,"Dari","Dermatology","dari.dermatology@yopmail.com"
916,"Krystle","Pediatrics","krystle.pediatrics@yopmail.com"
917,"Tori","Oncologist","tori.oncologist@yopmail.com"
918,"Cyndie","Allergists","cyndie.allergists@yopmail.com"
919,"Nelle","Endocrinologist","nelle.endocrinologist@yopmail.com"
920,"Laurene","Ophthalmology","laurene.ophthalmology@yopmail.com"
921,"Melanie","Oncologist","melanie.oncologist@yopmail.com"
922,"Ezmeralda","Anesthesiology","ezmeralda.anesthesiology@yopmail.com"
923,"Melina","Emergency Medicine","melina.emergency_medicine@yopmail.com"
924,"Jacenta","Radiology","jacenta.radiology@yopmail.com"
925,"Ketti","Otolaryngologists","ketti.otolaryngologists@yopmail.com"
926,"Tori","Oncologist","tori.oncologist@yopmail.com"
927,"Joeann","Radiology","joeann.radiology@yopmail.com"
928,"Molli","Hospice and Palliative Care","molli.hospice_and_palliative_care@yopmail.com"
929,"Cordi","Surgery","cordi.surgery@yopmail.com"
930,"Lolita","Family Medicine","lolita.family_medicine@yopmail.com"
931,"Marguerite","Gastroenterology","marguerite.gastroenterology@yopmail.com"
932,"Danika","Infectious disease","danika.infectious_disease@yopmail.com"
933,"Merrie","Ophthalmology","merrie.ophthalmology@yopmail.com"
934,"Priscilla","Anesthesiology","priscilla.anesthesiology@yopmail.com"
935,"Flo","Geriatrician","flo.geriatrician@yopmail.com"
936,"Gerianna","Neurology","gerianna.neurology@yopmail.com"
937,"Nerta","Geriatrician","nerta.geriatrician@yopmail.com"
938,"Dania","Infectious disease","dania.infectious_disease@yopmail.com"
939,"Emma","Emergency Medicine","emma.emergency_medicine@yopmail.com"
940,"Marinna","Ophthalmology","marinna.ophthalmology@yopmail.com"
941,"Susan","Internists","susan.internists@yopmail.com"
942,"Orsola","Pediatrics","orsola.pediatrics@yopmail.com"
943,"Gabi","Ophthalmology","gabi.ophthalmology@yopmail.com"
944,"Juliane","Nephrology","juliane.nephrology@yopmail.com"
945,"Wynne","Psychiatry","wynne.psychiatry@yopmail.com"
946,"Nariko","Internists","nariko.internists@yopmail.com"
947,"Tami","Allergists","tami.allergists@yopmail.com"
948,"Jean","Otolaryngologists","jean.otolaryngologists@yopmail.com"
949,"Mamie","Pediatrics","mamie.pediatrics@yopmail.com"
950,"Renie","Endocrinologist","renie.endocrinologist@yopmail.com"
951,"Rosene","Obstetric Anesthesiologists","rosene.obstetric_anesthesiologists@yopmail.com"
952,"Flo","Oncologist","flo.oncologist@yopmail.com"
953,"Karolina","Internists","karolina.internists@yopmail.com"
954,"Sissy","Pediatrics","sissy.pediatrics@yopmail.com"
955,"Mildrid","Infectious disease","mildrid.infectious_disease@yopmail.com"
956,"Liana","Internists","liana.internists@yopmail.com"
957,"Reeba","Surgery","reeba.surgery@yopmail.com"
958,"Morganica","Nephrology","morganica.nephrology@yopmail.com"
959,"Mariann","Obstetric Anesthesiologists","mariann.obstetric_anesthesiologists@yopmail.com"
960,"Nerta","Internists","nerta.internists@yopmail.com"
961,"Doro","Obstetric Anesthesiologists","doro.obstetric_anesthesiologists@yopmail.com"
962,"Hope","Emergency Medicine","hope.emergency_medicine@yopmail.com"
963,"Zia","Ophthalmology","zia.ophthalmology@yopmail.com"
964,"Jere","Neurology","jere.neurology@yopmail.com"
965,"Tomasina","Allergists","tomasina.allergists@yopmail.com"
966,"Eugine","Gastroenterology","eugine.gastroenterology@yopmail.com"
967,"Minda","Infectious disease","minda.infectious_disease@yopmail.com"
968,"Dotty","Cardiology","dotty.cardiology@yopmail.com"
969,"Riannon","Pulmonologists","riannon.pulmonologists@yopmail.com"
970,"Hollie","Cardiology","hollie.cardiology@yopmail.com"
971,"Maud","Allergists","maud.allergists@yopmail.com"
972,"Kaia","Ophthalmology","kaia.ophthalmology@yopmail.com"
973,"Lenna","Pediatrics","lenna.pediatrics@yopmail.com"
974,"Margalo","Pediatrics","margalo.pediatrics@yopmail.com"
975,"Verla","Neurology","verla.neurology@yopmail.com"
976,"Jinny","Infectious disease","jinny.infectious_disease@yopmail.com"
977,"Mureil","Endocrinologist","mureil.endocrinologist@yopmail.com"
978,"Tomasina","Surgery","tomasina.surgery@yopmail.com"
979,"Liana","Otolaryngologists","liana.otolaryngologists@yopmail.com"
980,"Glenda","Allergists","glenda.allergists@yopmail.com"
981,"Regina","Oncologist","regina.oncologist@yopmail.com"
982,"Gwyneth","Neurology","gwyneth.neurology@yopmail.com"
983,"Mariele","Neurology","mariele.neurology@yopmail.com"
984,"Orsola","Oncologist","orsola.oncologist@yopmail.com"
985,"Tersina","Pediatrics","tersina.pediatrics@yopmail.com"
986,"Willetta","Gastroenterology","willetta.gastroenterology@yopmail.com"
987,"Corry","Geriatrician","corry.geriatrician@yopmail.com"
988,"Reeba","Geriatrician","reeba.geriatrician@yopmail.com"
989,"Tera","Dermatology","tera.dermatology@yopmail.com"
990,"Lucille","Internists","lucille.internists@yopmail.com"
991,"Jaime","Endocrinologist","jaime.endocrinologist@yopmail.com"
992,"Shandie","Radiology","shandie.radiology@yopmail.com"
993,"Hettie","Oncologist","hettie.oncologist@yopmail.com"
994,"Marnia","Psychiatry","marnia.psychiatry@yopmail.com"
995,"Elie","Pulmonologists","elie.pulmonologists@yopmail.com"
996,"Hermione","Radiology","hermione.radiology@yopmail.com"
997,"Dominga","Pulmonologists","dominga.pulmonologists@yopmail.com"
998,"Shirlee","Pulmonologists","shirlee.pulmonologists@yopmail.com"
999,"Magdalena","Obstetric Anesthesiologists","magdalena.obstetric_anesthesiologists@yopmail.com"
1000,"Max","Dermatology","max.dermatology@yopmail.com"
1001,"Wendi","Otolaryngologists","wendi.otolaryngologists@yopmail.com"
1002,"Kellen","Pediatrics","kellen.pediatrics@yopmail.com"
1003,"Lucille","Dermatology","lucille.dermatology@yopmail.com"
1004,"Rani","Gastroenterology","rani.gastroenterology@yopmail.com"
1005,"Shaine","Anesthesiology","shaine.anesthesiology@yopmail.com"
1006,"Zia","Dermatology","zia.dermatology@yopmail.com"
1007,"Michaelina","Neurology","michaelina.neurology@yopmail.com"
1008,"Elise","Dermatology","elise.dermatology@yopmail.com"
1009,"Rosene","Psychiatry","rosene.psychiatry@yopmail.com"
1010,"Nonnah","Hospice and Palliative Care","nonnah.hospice_and_palliative_care@yopmail.com"
1011,"Sheree","Neurology","sheree.neurology@yopmail.com"
1012,"Molli","Anesthesiology","molli.anesthesiology@yopmail.com"
1013,"Julieta","Allergists","julieta.allergists@yopmail.com"
1014,"Kristina","Internists","kristina.internists@yopmail.com"
1015,"Trudie","Cardiology","trudie.cardiology@yopmail.com"
1016,"Imojean","Family Medicine","imojean.family_medicine@yopmail.com"
1017,"Michaelina","Dermatology","michaelina.dermatology@yopmail.com"
1018,"Leeanne","Pulmonologists","leeanne.pulmonologists@yopmail.com"
1019,"Sheelagh","Ophthalmology","sheelagh.ophthalmology@yopmail.com"
1020,"Ketti","Infectious disease","ketti.infectious_disease@yopmail.com"
1021,"Shel","Cardiology","shel.cardiology@yopmail.com"
1022,"Goldie","Ophthalmology","goldie.ophthalmology@yopmail.com"
1023,"Briney","Obstetric Anesthesiologists","briney.obstetric_anesthesiologists@yopmail.com"
1024,"Sam","Obstetric Anesthesiologists","sam.obstetric_anesthesiologists@yopmail.com"
1025,"Vevay","Emergency Medicine","vevay.emergency_medicine@yopmail.com"
1026,"Ann-Marie","Dermatology","ann-marie.dermatology@yopmail.com"
1027,"Cassondra","Endocrinologist","cassondra.endocrinologist@yopmail.com"
1028,"Kara-Lynn","Infectious disease","kara-lynn.infectious_disease@yopmail.com"
1029,"Minda","Internists","minda.internists@yopmail.com"
1030,"Louella","Anesthesiology","louella.anesthesiology@yopmail.com"
1031,"Teriann","Psychiatry","teriann.psychiatry@yopmail.com"
1032,"Randa","Dermatology","randa.dermatology@yopmail.com"
1033,"Loree","Critical Care Medicine","loree.critical_care_medicine@yopmail.com"
1034,"Lanna","Neurology","lanna.neurology@yopmail.com"
1035,"Fredericka","Internists","fredericka.internists@yopmail.com"
1035,"Fredericka","Family Medicine","fredericka.family_medicine@yopmail.com"
1037,"Nollie","Ophthalmology","nollie.ophthalmology@yopmail.com"
1038,"Vivia","Geriatrician","vivia.geriatrician@yopmail.com"
1039,"Brynna","Cardiology","brynna.cardiology@yopmail.com"
1040,"Elora","Radiology","elora.radiology@yopmail.com"
1041,"Ricky","Obstetric Anesthesiologists","ricky.obstetric_anesthesiologists@yopmail.com"
1042,"Tarra","Psychiatry","tarra.psychiatry@yopmail.com"
1043,"Elsie","Internists","elsie.internists@yopmail.com"
1044,"Georgetta","Internists","georgetta.internists@yopmail.com"
1045,"Marnia","Infectious disease","marnia.infectious_disease@yopmail.com"
1046,"Norine","Radiology","norine.radiology@yopmail.com"
1047,"Wendi","Family Medicine","wendi.family_medicine@yopmail.com"
1048,"Margette","Surgery","margette.surgery@yopmail.com"
1049,"Minda","Anesthesiology","minda.anesthesiology@yopmail.com"
1050,"Penelopa","Hospice and Palliative Care","penelopa.hospice_and_palliative_care@yopmail.com"
1051,"Marti","Pulmonologists","marti.pulmonologists@yopmail.com"
1052,"Ninnetta","Ophthalmology","ninnetta.ophthalmology@yopmail.com"
1053,"Carilyn","Allergists","carilyn.allergists@yopmail.com"
1054,"Catrina","Hospice and Palliative Care","catrina.hospice_and_palliative_care@yopmail.com"
1055,"Nerta","Otolaryngologists","nerta.otolaryngologists@yopmail.com"
1056,"Lindie","Hospice and Palliative Care","lindie.hospice_and_palliative_care@yopmail.com"
1057,"Roslyn","Surgery","roslyn.surgery@yopmail.com"
1058,"Hyacinthe","Allergists","hyacinthe.allergists@yopmail.com"
1059,"Sashenka","Radiology","sashenka.radiology@yopmail.com"
1060,"Raf","Family Medicine","raf.family_medicine@yopmail.com"
1061,"Karlee","Internists","karlee.internists@yopmail.com"
1062,"Monika","Infectious disease","monika.infectious_disease@yopmail.com"
1063,"Quintina","Ophthalmology","quintina.ophthalmology@yopmail.com"
1064,"Dyann","Hospice and Palliative Care","dyann.hospice_and_palliative_care@yopmail.com"
1065,"Misha","Oncologist","misha.oncologist@yopmail.com"
1066,"Netty","Anesthesiology","netty.anesthesiology@yopmail.com"
1067,"Isa","Obstetric Anesthesiologists","isa.obstetric_anesthesiologists@yopmail.com"
1068,"Melodie","Oncologist","melodie.oncologist@yopmail.com"
1069,"Sissy","Pediatrics","sissy.pediatrics@yopmail.com"
1070,"Yolane","Ophthalmology","yolane.ophthalmology@yopmail.com"
1071,"Henriette","Endocrinologist","henriette.endocrinologist@yopmail.com"
1072,"Jolyn","Internists","jolyn.internists@yopmail.com"
1073,"Oona","Ophthalmology","oona.ophthalmology@yopmail.com"
1074,"Carolina","Pulmonologists","carolina.pulmonologists@yopmail.com"
1075,"Margalo","Otolaryngologists","margalo.otolaryngologists@yopmail.com"
1076,"Gilligan","Gastroenterology","gilligan.gastroenterology@yopmail.com"
1077,"Lesly","Ophthalmology","lesly.ophthalmology@yopmail.com"
1078,"Nananne","Surgery","nananne.surgery@yopmail.com"
1079,"Oona","Family Medicine","oona.family_medicine@yopmail.com"
1080,"Gretal","Emergency Medicine","gretal.emergency_medicine@yopmail.com"
1081,"Karly","Psychiatry","karly.psychiatry@yopmail.com"
1082,"Nollie","Endocrinologist","nollie.endocrinologist@yopmail.com"
1083,"Edyth","Neurology","edyth.neurology@yopmail.com"
1084,"Frank","Critical Care Medicine","frank.critical_care_medicine@yopmail.com"
1085,"Helsa","Critical Care Medicine","helsa.critical_care_medicine@yopmail.com"
1086,"Merry","Pulmonologists","merry.pulmonologists@yopmail.com"
1087,"Roberta","Otolaryngologists","roberta.otolaryngologists@yopmail.com"
1088,"Katuscha","Dermatology","katuscha.dermatology@yopmail.com"
1089,"Moyna","Infectious disease","moyna.infectious_disease@yopmail.com"
1090,"Robbi","Allergists","robbi.allergists@yopmail.com"
1091,"Georgetta","Hospice and Palliative Care","georgetta.hospice_and_palliative_care@yopmail.com"
1092,"Hettie","Allergists","hettie.allergists@yopmail.com"
1093,"Netty","Obstetric Anesthesiologists","netty.obstetric_anesthesiologists@yopmail.com"
1094,"June","Emergency Medicine","june.emergency_medicine@yopmail.com"
1095,"Lila","Family Medicine","lila.family_medicine@yopmail.com"
1096,"Vanessa","Gastroenterology","vanessa.gastroenterology@yopmail.com"
1097,"Sam","Hospice and Palliative Care","sam.hospice_and_palliative_care@yopmail.com"
1098,"Loree","Anesthesiology","loree.anesthesiology@yopmail.com"
1099,"Nikki","Psychiatry","nikki.psychiatry@yopmail.com"
